Country,CityState,City,StateAbv,StationName,RG_ID,RG_LC,CS,Type,RG_URL,URL,CityCords
United States,Kent WA,Kent,WA,East West Plug Hip Hop Radio,lY6a6JbY,/listen/east-west-plug-hip-hop-radio/lY6a6JbY,xxxx,,https://radio.garden/api/ara/content/listen/lY6a6JbY/channel.mp3?,https://listen.radioking.com/radio/351568/stream/400639,"[-122.23484, 47.38093]"
United States,Kent WA,Kent,WA,Radio Punjab AM 1560,Y8hlSIs-,/listen/radio-punjab-am-1560/Y8hlSIs-,xxxx,,https://radio.garden/api/ara/content/listen/Y8hlSIs-/channel.mp3?,https://stream.zeno.fm/c30rk1318s5tv,"[-122.23484, 47.38093]"
United States,Spokane WA,Spokane,WA,92.9 ZZU - KZZU-FM,8VcFeepP,/listen/kzzu/8VcFeepP,KZZU,FM,https://radio.garden/api/ara/content/listen/8VcFeepP/channel.mp3?,https://15373.live.streamtheworld.com/KZZUFMAAC_SC,"[-117.42605, 47.65878]"
United States,Spokane WA,Spokane,WA,American Christian Network,r6CxHnkc,/listen/american-christian-network/r6CxHnkc,xxxx,,https://radio.garden/api/ara/content/listen/r6CxHnkc/channel.mp3?,http://www.ophanim.net:9720/;,"[-117.42605, 47.65878]"
United States,Spokane WA,Spokane,WA,Coyote Country - KEZE,FUCv80QQ,/listen/coyotecountry969/FUCv80QQ,KEZE,FM,https://radio.garden/api/ara/content/listen/FUCv80QQ/channel.mp3?,https://17963.live.streamtheworld.com/KEZEFMAAC.aac,"[-117.42605, 47.65878]"
United States,Spokane WA,Spokane,WA,KPBX 91.1 Spokane Public Radio,6OP3QxSa,/listen/spokane-public-radio-kpbx-91-1/6OP3QxSa,KPBX,FM,https://radio.garden/api/ara/content/listen/6OP3QxSa/channel.mp3?,https://18733.live.streamtheworld.com/KPBX_FM.mp3,"[-117.42605, 47.65878]"
United States,Spokane WA,Spokane,WA,KPBZ 90.3 Spokane Public Radio,WDXAsse3,/listen/spokanepublicradio/WDXAsse3,KPBZ,FM,https://radio.garden/api/ara/content/listen/WDXAsse3/channel.mp3?,https://24883.live.streamtheworld.com/KPBZ_FM.mp3,"[-117.42605, 47.65878]"
United States,Spokane WA,Spokane,WA,KXLX AM 700,M46RvVSz,/listen/700espn/M46RvVSz,KXLX,AM,https://radio.garden/api/ara/content/listen/M46RvVSz/channel.mp3?,https://15383.live.streamtheworld.com/KXLXAMAAC.aac,"[-117.42605, 47.65878]"
United States,Spokane WA,Spokane,WA,KYRS FM 88.1,ocrbM9-Q,/listen/kyrs-fm-88-1/ocrbM9-Q,KYRS,FM,https://radio.garden/api/ara/content/listen/ocrbM9-Q/channel.mp3?,https://www.ophanim.net:8444/s/7170,"[-117.42605, 47.65878]"
United States,Spokane WA,Spokane,WA,News Radio 920 - KXLY,TB4BDfP0,/listen/kxly920/TB4BDfP0,Xxxx,,https://radio.garden/api/ara/content/listen/TB4BDfP0/channel.mp3?,https://22973.live.streamtheworld.com/KXLYAMAAC.aac,"[-117.42605, 47.65878]"
United States,Spokane WA,Spokane,WA,Rock 94¬Ω - KHTQ,7CmdbBFv,/listen/rock-94-1-2-khtq/7CmdbBFv,xxxx,,https://radio.garden/api/ara/content/listen/7CmdbBFv/channel.mp3?,https://15363.live.streamtheworld.com/KHTQFMAAC.aac,"[-117.42605, 47.65878]"
United States,Spokane WA,Spokane,WA,Shine 104.9 FM,ivWXLvFj,/listen/shine-104-9-fm/ivWXLvFj,xxxx,,https://radio.garden/api/ara/content/listen/ivWXLvFj/channel.mp3?,https://ic2.sslstream.com/keeh-fm,"[-117.42605, 47.65878]"
United States,Spokane WA,Spokane,WA,The Big 99.9 FM - KXLY,gTuWJpFb,/listen/the-big-99-9-fm-kxly/gTuWJpFb,KXLY,FM,https://radio.garden/api/ara/content/listen/gTuWJpFb/channel.mp3?,https://13693.live.streamtheworld.com/KXLYFMAAC.aac,"[-117.42605, 47.65878]"
United States,Walla Walla WA,Walla Walla,WA,KWCW FM 90.5,eAUlOwWE,/listen/kwcw-fm-90-5/eAUlOwWE,KWCW,FM,https://radio.garden/api/ara/content/listen/eAUlOwWE/channel.mp3?,http://shoutcast.whitman.edu:8000/;,"[-118.34302, 46.06458]"
United States,Walla Walla WA,Walla Walla,WA,"üö® Walla Walla Police, Fire & EMS",fkB-Ibzk,/listen/walla-walla-police-fire-ems/fkB-Ibzk,xxxx,,https://radio.garden/api/ara/content/listen/fkB-Ibzk/channel.mp3?,https://broadcastify.cdnstream1.com/8015,"[-118.34302, 46.06458]"
United States,Bellingham WA,Bellingham,WA,"üö® Bellingham Sheriff, Police & Highway Patrol",C-GaFUTm,/listen/scanner-bellingham-sheriff-police-highway-patrol/C-GaFUTm,xxxx,,https://radio.garden/api/ara/content/listen/C-GaFUTm/channel.mp3?,https://audio3.broadcastify.com/120801025.mp3,"[-122.47868, 48.75191]"
United States,Bellingham WA,Bellingham,WA,KMRE-LP FM 102.3,kba-FOGc,/listen/kmre-lp-fm-102-3/kba-FOGc,KMRE,FM,https://radio.garden/api/ara/content/listen/kba-FOGc/channel.mp3?,http://199.180.75.2:9391/;,"[-122.47868, 48.75191]"
United States,Bellingham WA,Bellingham,WA,KUGS-FM - KUGS,2xBFo2iv,/listen/wwu/2xBFo2iv,KUGS,FM,https://radio.garden/api/ara/content/listen/2xBFo2iv/channel.mp3?,http://peridot.streamguys.com:7170/kugs-mp3,"[-122.47868, 48.75191]"
United States,Bellingham WA,Bellingham,WA,KZAX-LP FM 94.9,U2Ko9mrJ,/listen/kzax-lp-fm-94-9/U2Ko9mrJ,KZAX,FM,https://radio.garden/api/ara/content/listen/U2Ko9mrJ/channel.mp3?,http://199.180.75.2:9395/stream/;,"[-122.47868, 48.75191]"
United States,Bellingham WA,Bellingham,WA,Praise 106.5,bcLZMZTd,/listen/praise-106-5/bcLZMZTd,xxxx,,https://radio.garden/api/ara/content/listen/bcLZMZTd/channel.mp3?,https://crista-kwpz.streamguys1.com/kwpzmp3,"[-122.47868, 48.75191]"
United States,Olympia WA,Olympia,WA,Free Radio Olympia 91.9 FM,GN21Ti0x,/listen/free-radio-olympia-91-9-fm/GN21Ti0x,xxxx,,https://radio.garden/api/ara/content/listen/GN21Ti0x/channel.mp3?,https://frolympia.out.airtime.pro/frolympia_a,"[-122.900696, 47.037872]"
United States,Olympia WA,Olympia,WA,KAOS (Community) Radio,FFttcZfb,/listen/kaos-community-radio/FFttcZfb,KAOS,FM,https://radio.garden/api/ara/content/listen/FFttcZfb/channel.mp3?,http://205.134.192.90:8930/;,"[-122.900696, 47.037872]"
United States,Olympia WA,Olympia,WA,KBRD Radio AM 680,Js0JMaWZ,/listen/kbrd/Js0JMaWZ,KBRD,AM,https://radio.garden/api/ara/content/listen/Js0JMaWZ/channel.mp3?,http://205.134.192.90:680/;,"[-122.900696, 47.037872]"
United States,Olympia WA,Olympia,WA,KOWA FM 106.5,N7xfo9lr,/listen/kowalp/N7xfo9lr,KOWA,FM,https://radio.garden/api/ara/content/listen/N7xfo9lr/channel.mp3?,https://kowa.out.airtime.pro/kowa_b,"[-122.900696, 47.037872]"
United States,Marysville WA,Marysville,WA,Get Smashed Radio 1,f0e3Syyl,/listen/get-smashed-radio-1/f0e3Syyl,xxxx,,https://radio.garden/api/ara/content/listen/f0e3Syyl/channel.mp3?,https://ais-edge08-live365-dal02.cdnstream.com/a31868,"[-122.17708, 48.051765]"
United States,Auburn WA,Auburn,WA,KGRG1 1330 AM,Akxu3tE7,/listen/kgrg1-1330-am/Akxu3tE7,KGRG,AM,https://radio.garden/api/ara/content/listen/Akxu3tE7/channel.mp3?,http://204.141.167.19:7080/stream?1573141369253.mp3,"[-122.228455, 47.307323]"
United States,Auburn WA,Auburn,WA,KGRG2 89.9 FM,WFBDSNJv,/listen/kgrg2-89-9-fm/WFBDSNJv,KGRG,FM,https://radio.garden/api/ara/content/listen/WFBDSNJv/channel.mp3?,http://204.141.167.19:7090/stream?1573141452215.mp3,"[-122.228455, 47.307323]"
United States,Auburn WA,Auburn,WA,La Gran D - KDDS-FM,yQDKKVob,/listen/lagranderadio/yQDKKVob,KDDS,FM,https://radio.garden/api/ara/content/listen/yQDKKVob/channel.mp3?,http://bustosradio.com:8031/kdds,"[-122.228455, 47.307323]"
United States,Kelso WA,Kelso,WA,KLOG 1490,WDVFtkWw,/listen/klog-1490/WDVFtkWw,KLOG,AM,https://radio.garden/api/ara/content/listen/WDVFtkWw/channel.mp3?,http://www.streamcontrol.net:11050/;,"[-122.90845, 46.14678]"
United States,Kelso WA,Kelso,WA,KUKN 105.5,8gPA9XVc,/listen/kukn-105-5/8gPA9XVc,KUKN,FM,https://radio.garden/api/ara/content/listen/8gPA9XVc/channel.mp3?,http://www.streamcontrol.net:11060/;,"[-122.90845, 46.14678]"
United States,Kelso WA,Kelso,WA,The Wave 101.5,x3DH0rot,/listen/the-wave-101-5/x3DH0rot,xxxx,,https://radio.garden/api/ara/content/listen/x3DH0rot/channel.mp3?,http://www.streamcontrol.net:11070/;,"[-122.90845, 46.14678]"
United States,Mill Creek WA,Mill Creek,WA,Big R Radio - 80s Metal FM,1VEI5eLl,/listen/streamlicensing/1VEI5eLl,xxxx,,https://radio.garden/api/ara/content/listen/1VEI5eLl/channel.mp3?,https://bigrradio.cdnstream1.com/5186_128,"[-122.2043, 47.860096]"
United States,Mill Creek WA,Mill Creek,WA,Big R Radio - Post Grunge Rock,GhlWwBU7,/listen/big-r-radio-post-grunge-rock/GhlWwBU7,xxxx,,https://radio.garden/api/ara/content/listen/GhlWwBU7/channel.mp3?,https://bigrradio.cdnstream1.com/5203_128,"[-122.2043, 47.860096]"
United States,Bothell WA,Bothell,WA,Transformation Talk Radio,_cpimydq,/listen/transformation-talk-radio/_cpimydq,xxxx,,https://radio.garden/api/ara/content/listen/_cpimydq/channel.mp3?,https://streaming.radio.co/s3826fd716/listen,"[-122.205444, 47.760113]"
United States,East Wenatchee WA,East Wenatchee,WA,KORE-LP,4VFrxwqu,/listen/kore-lp/4VFrxwqu,KORE,FM,https://radio.garden/api/ara/content/listen/4VFrxwqu/channel.mp3?,https://streams.radio.co/s46e7c30d5/listen,"[-120.29313, 47.415684]"
United States,Port Townsend WA,Port Townsend,WA,KPTZ FM 91.9,fn0i7gM5,/listen/kptz/fn0i7gM5,KPTZ,FM,https://radio.garden/api/ara/content/listen/fn0i7gM5/channel.mp3?,https://kptz.streamguys1.com/live-mp3,"[-122.760445, 48.11704]"
United States,Port Townsend WA,Port Townsend,WA,KROH FM 91.1 Radio of Hope,2Cak9tEF,/listen/radioofhope/2Cak9tEF,KROH,FM,https://radio.garden/api/ara/content/listen/2Cak9tEF/channel.mp3?,https://ice10.securenetsystems.net/KROH,"[-122.760445, 48.11704]"
United States,Vancouver WA,Vancouver,WA,LTM Radio,WyJdlmGU,/listen/ltm-radio/WyJdlmGU,xxxx,,https://radio.garden/api/ara/content/listen/WyJdlmGU/channel.mp3?,https://s3.voscast.com:9837/stream,"[-122.67161, 45.63184]"
United States,Vancouver WA,Vancouver,WA,Radio Mojdeh,OVZHl2Hb,/listen/radiomojdeh/OVZHl2Hb,xxxx,,https://radio.garden/api/ara/content/listen/OVZHl2Hb/channel.mp3?,http://ic2317.c1261.fast-serv.com/rm64,"[-122.67161, 45.63184]"
United States,Wenatchee WA,Wenatchee,WA,God Speaks Internet Radio,8EdxJxpL,/listen/god-speaks-internet-radio/8EdxJxpL,xxxx,,https://radio.garden/api/ara/content/listen/8EdxJxpL/channel.mp3?,https://godplzrs.radioca.st/;,"[-120.31035, 47.42346]"
United States,Wenatchee WA,Wenatchee,WA,KEFA 102.9 FM,MNxShvBl,/listen/kefa-102-9-fm/MNxShvBl,KEFA,FM,https://radio.garden/api/ara/content/listen/MNxShvBl/channel.mp3?,https://www.streamvortex.com:8444/s/11160,"[-120.31035, 47.42346]"
United States,Everett WA,Everett,WA,Classical Guitar Northwest Radio,u8FEe8Ab,/listen/classical-guitar-northwest-radio/u8FEe8Ab,xxxx,,https://radio.garden/api/ara/content/listen/u8FEe8Ab/channel.mp3?,http://radio.ericksons.net:8000/cgnw,"[-122.20208, 47.978985]"
United States,Everett WA,Everett,WA,KKXA FM 101.1,Xxp8gr5U,/listen/kkxa-1520am-and-101-1-fm/Xxp8gr5U,KKXA,FM,https://radio.garden/api/ara/content/listen/Xxp8gr5U/channel.mp3?,http://www.ophanim.net:9410/;,"[-122.20208, 47.978985]"
United States,Everett WA,Everett,WA,KRKO.com FM 95.3,h40vON-p,/listen/krko-com-fm-95-3/h40vON-p,xxxx,,https://radio.garden/api/ara/content/listen/h40vON-p/channel.mp3?,http://www.ophanim.net:9400/;,"[-122.20208, 47.978985]"
United States,Everett WA,Everett,WA,KSER,EwREGFq6,/listen/kser/EwREGFq6,KSER,FM,https://radio.garden/api/ara/content/listen/EwREGFq6/channel.mp3?,http://jade.streamguys1.com:4050/live,"[-122.20208, 47.978985]"
United States,Everett WA,Everett,WA,La Korita 10-15,236HF71m,/listen/la-korita-10-15/236HF71m,xxxx,,https://radio.garden/api/ara/content/listen/236HF71m/channel.mp3?,https://usa10.fastcast4u.com/3kL73xv9cZ,"[-122.20208, 47.978985]"
United States,Forks WA,Forks,WA,ForksTalk 96.7 HD3,m-B_BfSk,/listen/forkstalk-96-7-hd3/m-B_BfSk,xxxx,,https://radio.garden/api/ara/content/listen/m-B_BfSk/channel.mp3?,https://ice5.securenetsystems.net/KBDB,"[-124.38549, 47.950356]"
United States,Richland WA,Richland,WA,Desert Underground Radio,YSEPOQ4F,/listen/desertunderground/YSEPOQ4F,xxxx,,https://radio.garden/api/ara/content/listen/YSEPOQ4F/channel.mp3?,https://s18.myradiostream.com/:6878/;,"[-119.28446, 46.28569]"
United States,Richland WA,Richland,WA,Eagle 106.5 - KEGX,AMp4lGuP,/listen/eagle1065/AMp4lGuP,KEGX,FM,https://radio.garden/api/ara/content/listen/AMp4lGuP/channel.mp3?,https://ice5.securenetsystems.net/KEGX,"[-119.28446, 46.28569]"
United States,Richland WA,Richland,WA,Live Wave Radio,AdF5CFea,/listen/live-wave-radio/AdF5CFea,xxxx,,https://radio.garden/api/ara/content/listen/AdF5CFea/channel.mp3?,https://stream.radiojar.com/h3r5y5xzmkeuv,"[-119.28446, 46.28569]"
United States,Richland WA,Richland,WA,NWPR Classical Music - KFAE-FM,VhUYxcxy,/listen/nwpr/VhUYxcxy,KFAE,FM,https://radio.garden/api/ara/content/listen/VhUYxcxy/channel.mp3?,http://134.121.234.129:8000/NWPRCLASSICAL,"[-119.28446, 46.28569]"
United States,College Place WA,College Place,WA,Hymns and Favorites,LCJyPW9D,/listen/hymns-and-favorites/LCJyPW9D,xxxx,,https://radio.garden/api/ara/content/listen/LCJyPW9D/channel.mp3?,https://ic2.sslstream.com/wgts-ir,"[-118.3883, 46.0493]"
United States,College Place WA,College Place,WA,KPLW FM 89.9 Positive Life Radio,Id3ToG8F,/listen/plr/Id3ToG8F,KPLW,FM,https://radio.garden/api/ara/content/listen/Id3ToG8F/channel.mp3?,https://ice10.securenetsystems.net/PLR,"[-118.3883, 46.0493]"
United States,Vashon WA,Vashon,WA,KVSH-LP,Bg6u9qPk,/listen/kvsh-lp/Bg6u9qPk,KVSH,FM,https://radio.garden/api/ara/content/listen/Bg6u9qPk/channel.mp3?,http://voiceofvashon.serverroom.us:4256/;,"[-122.45985, 47.44732]"
United States,Camas WA,Camas,WA,KIEV-LP FM 102.7 Outlaw Country Radio,u7vYwbc5,/listen/outlaw-country-radio/u7vYwbc5,KIEV,FM,https://radio.garden/api/ara/content/listen/u7vYwbc5/channel.mp3?,https://usa17.fastcast4u.com/proxy/kievradio?mp=/1,"[-122.399536, 45.587063]"
United States,Blaine WA,Blaine,WA,KARI AM 550,ZMu0BZJn,/listen/kari55/ZMu0BZJn,KARI,AM,https://radio.garden/api/ara/content/listen/ZMu0BZJn/channel.mp3?,https://ice9.securenetsystems.net/KARI550,"[-122.747116, 48.993725]"
United States,Bellevue WA,Bellevue,WA,91.3 KBCS - KBCS,qmFG4W0m,/listen/kbcs/qmFG4W0m,KBCS,FM,https://radio.garden/api/ara/content/listen/qmFG4W0m/channel.mp3?,http://www.ophanim.net:7720/stream,"[-122.201515, 47.61015]"
United States,Edmonds WA,Edmonds,WA,Visage,my7tdhf2,/listen/visage/my7tdhf2,xxxx,,https://radio.garden/api/ara/content/listen/my7tdhf2/channel.mp3?,https://stream.radiojar.com/ug6v0qfmb,"[-122.37736, 47.810654]"
United States,Centralia WA,Centralia,WA,KZTM FM 102.9,FpQnDGyg,/listen/kztm-fm-102-9/FpQnDGyg,KZTM,FM,https://radio.garden/api/ara/content/listen/FpQnDGyg/channel.mp3?,http://bustosradio.com:8039/kztm,"[-122.9543, 46.716213]"
United States,Chehalis WA,Chehalis,WA,KACS FM 90.5,uVKNXtEl,/listen/kacs/uVKNXtEl,KACS,FM,https://radio.garden/api/ara/content/listen/uVKNXtEl/channel.mp3?,https://ic2.sslstream.com/kacs-fm,"[-122.96402, 46.66205]"
United States,Cheney WA,Cheney,WA,KEWU FM 89.5,CAUN5aTT,/listen/jazz-89-5-kewu/CAUN5aTT,KEWU,FM,https://radio.garden/api/ara/content/listen/CAUN5aTT/channel.mp3?,https://kewuradio.ewu.edu/KEWU_Jazz_89.5,"[-117.57576, 47.48739]"
United States,Cosmopolis WA,Cosmopolis,WA,Dead To Self Radio,YPYzqhxG,/listen/dead-to-self-radio/YPYzqhxG,xxxx,,https://radio.garden/api/ara/content/listen/YPYzqhxG/channel.mp3?,http://radio.streemlion.com:2850/stream,"[-123.77377, 46.95537]"
United States,Gig Harbor WA,Gig Harbor,WA,KGHP FM 89.9,prx586-t,/listen/kghp-fm-89-9/prx586-t,KGHP,FM,https://radio.garden/api/ara/content/listen/prx586-t/channel.mp3?,https://ic1.mainstreamnetwork.com/kghp-fm,"[-122.58013, 47.329266]"
United States,Ellensburg WA,Ellensburg,WA,Ellensburg Community Radio,qnNmQ96M,/listen/ellensburg-community-radio/qnNmQ96M,xxxx,,https://radio.garden/api/ara/content/listen/qnNmQ96M/channel.mp3?,https://ais-edge07-live365-dal02.cdnstream.com/a17677,"[-120.547844, 46.996513]"
United States,Ferndale WA,Ferndale,WA,KRPI Radio AM 1550,jxxmxdoX,/listen/krpi-radio-am-1550/jxxmxdoX,KRPI,AM,https://radio.garden/api/ara/content/listen/jxxmxdoX/channel.mp3?,https://16643.live.streamtheworld.com/KRPIAMAAC.aac,"[-122.591, 48.8465]"
United States,McCleary WA,McCleary,WA,KYYO 96.9,3QkTbCu0,/listen/kyyo-96-9/3QkTbCu0,KYYO,FM,https://radio.garden/api/ara/content/listen/3QkTbCu0/channel.mp3?,http://stream1.noctel.com:7003/969kayo,"[-123.265434, 47.05315]"
United States,Mercer Island WA,Mercer Island,WA,KMIH 88.9 The Bridge,IORnx2hk,/listen/kmih-88-9-the-bridge/IORnx2hk,KMIH,FM,https://radio.garden/api/ara/content/listen/IORnx2hk/channel.mp3?,https://www.streamvortex.com:8444/s/11390,"[-122.22207, 47.570656]"
United States,Ocean Shores WA,Ocean Shores,WA,KOSW-LP FM 91.3,j3Dxc-Lf,/listen/kosw-lp-fm-91-3/j3Dxc-Lf,KOSW,FM,https://radio.garden/api/ara/content/listen/j3Dxc-Lf/channel.mp3?,http://ophanim.net:7040/;,"[-124.16136, 47.007416]"
United States,Mount Vernon WA,Mount Vernon,WA,KBRC AM 1430 - KBRC,C0qz3EJO,/listen/kbrc-am-1430-kbrc/C0qz3EJO,KBRC,AM,https://radio.garden/api/ara/content/listen/C0qz3EJO/channel.mp3?,https://ice7.securenetsystems.net/KBRC,"[-122.334045, 48.421215]"
United States,Port Orchard WA,Port Orchard,WA,KITZ 1400 AM,sDdsTYeb,/listen/kitz-1400-am/sDdsTYeb,KITZ,AM,https://radio.garden/api/ara/content/listen/sDdsTYeb/channel.mp3?,https://crystalout.surfernetwork.com:8001/KITZ_MP3,"[-122.636246, 47.540375]"
United States,Tumwater WA,Tumwater,WA,K-Ty Radio Network,QrQ9ndtj,/listen/k-ty-radio-network/QrQ9ndtj,xxxx,,https://radio.garden/api/ara/content/listen/QrQ9ndtj/channel.mp3?,https://stream.zeno.fm/0autxdxsf48uv,"[-122.90931, 47.00732]"
United States,Sequim WA,Sequim,WA,KSQM 91.5FM,b6rnlhQO,/listen/ksqmfm/b6rnlhQO,KSQM,FM,https://radio.garden/api/ara/content/listen/b6rnlhQO/channel.mp3?,https://video1.getstreamhosting.com:8182/stream,"[-123.101845, 48.079536]"
United States,Yakima WA,Yakima,WA,104.1 KXDD - KXDD,qjCd5AIj,/listen/1041kxdd/qjCd5AIj,KXDD,FM,https://radio.garden/api/ara/content/listen/qjCd5AIj/channel.mp3?,https://ice7.securenetsystems.net/KXDD,"[-120.5059, 46.60207]"
United States,Tenino WA,Tenino,WA,"üö® Thurston County, WA Fire, EMS, Police & Sheriff Scanner",eBZbJcRO,/listen/thurston-county-wa-fire-ems-police-sheriff-scanner/eBZbJcRO,xxxx,,https://radio.garden/api/ara/content/listen/eBZbJcRO/channel.mp3?,https://audio1.broadcastify.com/614867495.mp3,"[-122.85291, 46.856766]"
United States,Seattle WA,Seattle,WA,1150 AM KKNW,linNqASD,/listen/-1150-am-kknw/linNqASD,KKNW,AM,https://radio.garden/api/ara/content/listen/linNqASD/channel.mp3?,https://18253.live.streamtheworld.com/KKNWAMAAC.aac,"[-122.33207, 47.60621]"
United States,Seattle WA,Seattle,WA,80's New Wave Radio,VjBNv1RY,/listen/-80-s-new-wave-radio/VjBNv1RY,xxxx,,https://radio.garden/api/ara/content/listen/VjBNv1RY/channel.mp3?,http://94.23.216.139:8120/live,"[-122.33207, 47.60621]"
United States,Seattle WA,Seattle,WA,820AM KGNW,iruArkaA,/listen/kgnw/iruArkaA,KGNW,AM,https://radio.garden/api/ara/content/listen/iruArkaA/channel.mp3?,https://16693.live.streamtheworld.com/KGNWAMAAC.aac,"[-122.33207, 47.60621]"
United States,Seattle WA,Seattle,WA,889 The Bridge,SgSbh7Ww,/listen/-1-the-bridge/SgSbh7Ww,xxxx,,https://radio.garden/api/ara/content/listen/SgSbh7Ww/channel.mp3?,http://www.streamvortex.com:11390/;audio.mp3,"[-122.33207, 47.60621]"
United States,Seattle WA,Seattle,WA,AM 1590 The Answer,1cM09XNd,/listen/am-1590-the-answer/1cM09XNd,xxxx,,https://radio.garden/api/ara/content/listen/1cM09XNd/channel.mp3?,https://19273.live.streamtheworld.com/KLFEAMAAC.aac,"[-122.33207, 47.60621]"
United States,Seattle WA,Seattle,WA,C89.5 KNHC,aiL9X0ma,/listen/c89-5-knhc/aiL9X0ma,KNHC,FM,https://radio.garden/api/ara/content/listen/aiL9X0ma/channel.mp3?,http://knhc-ice.streamguys1.com/live,"[-122.33207, 47.60621]"
United States,Seattle WA,Seattle,WA,Cafe Racer Radio,dW-mosWX,/listen/cafe-racer-radio/dW-mosWX,xxxx,,https://radio.garden/api/ara/content/listen/dW-mosWX/channel.mp3?,https://player.caferacerradio.com/_streams/_a,"[-122.33207, 47.60621]"
United States,Seattle WA,Seattle,WA,Channel R Dance,MdZmM_Lz,/listen/channel-r-dance/MdZmM_Lz,xxxx,,https://radio.garden/api/ara/content/listen/MdZmM_Lz/channel.mp3?,https://ais-edge37-live365-dal02.cdnstream.com/a23165,"[-122.33207, 47.60621]"
United States,Seattle WA,Seattle,WA,Channel R Radio,ourImRIp,/listen/channel-r-radio/ourImRIp,xxxx,,https://radio.garden/api/ara/content/listen/ourImRIp/channel.mp3?,http://ls11.int.live365.net:8000/a23165_live,"[-122.33207, 47.60621]"
United States,Seattle WA,Seattle,WA,El Rey 1360,2ZOIGX5w,/listen/el-rey-1360/2ZOIGX5w,xxxx,,https://radio.garden/api/ara/content/listen/2ZOIGX5w/channel.mp3?,https://17843.live.streamtheworld.com/KKMOAMAAC.aac,"[-122.33207, 47.60621]"
United States,Seattle WA,Seattle,WA,El Solar Estereo,dUzTk5Zp,/listen/el-solar-estereo/dUzTk5Zp,xxxx,,https://radio.garden/api/ara/content/listen/dUzTk5Zp/channel.mp3?,http://51.15.160.78:8869/;,"[-122.33207, 47.60621]"
United States,Seattle WA,Seattle,WA,ESPN 710 AM Seattle,sYlkACCD,/listen/espn-710-am-seattle/sYlkACCD,xxxx,,https://radio.garden/api/ara/content/listen/sYlkACCD/channel.mp3?,https://25043.live.streamtheworld.com/KIROAMAAC.aac,"[-122.33207, 47.60621]"
United States,Seattle WA,Seattle,WA,Further Rock Radio,vRUlJ7rt,/listen/further-rock-radio/vRUlJ7rt,xxxx,,https://radio.garden/api/ara/content/listen/vRUlJ7rt/channel.mp3?,https://streaming.live365.com/a81821,"[-122.33207, 47.60621]"
United States,Seattle WA,Seattle,WA,J.A.Z.Z. VNU,X1bwvqkl,/listen/j-a-z-z-vnu/X1bwvqkl,xxxx,,https://radio.garden/api/ara/content/listen/X1bwvqkl/channel.mp3?,https://ice3.securenetsystems.net/JAZZVNU,"[-122.33207, 47.60621]"
United States,Seattle WA,Seattle,WA,KBFG-LP FM 107.3,34JzMlHm,/listen/kbfg-lp-fm-107-3/34JzMlHm,KBFG,FM,https://radio.garden/api/ara/content/listen/34JzMlHm/channel.mp3?,http://192.81.134.38:8001/kbfg-2,"[-122.33207, 47.60621]"
United States,Seattle WA,Seattle,WA,KCIS,32zcDX8E,/listen/kcis/32zcDX8E,KCIS,AM,https://radio.garden/api/ara/content/listen/32zcDX8E/channel.mp3?,https://crista-kcis.streamguys1.com/kcismp3,"[-122.33207, 47.60621]"
United States,Seattle WA,Seattle,WA,KCMS 105.3,O2PtG6D5,/listen/kcms-105-3/O2PtG6D5,KCMS,FM,https://radio.garden/api/ara/content/listen/O2PtG6D5/channel.mp3?,https://crista-kcms.streamguys1.com/kcmsmp3,"[-122.33207, 47.60621]"
United States,Seattle WA,Seattle,WA,KEXP FM 90.3,2m0QRgcW,/listen/kexp-fm/2m0QRgcW,KEXP,FM,https://radio.garden/api/ara/content/listen/2m0QRgcW/channel.mp3?,https://kexp-mp3-128.streamguys1.com/kexp128.mp3,"[-122.33207, 47.60621]"
United States,Seattle WA,Seattle,WA,üå§Ô∏è KHB60 NOAA Weather Radio,Y8eFv2xZ,/listen/khb60-noaa-weather-radio/Y8eFv2xZ,xxxx,,https://radio.garden/api/ara/content/listen/Y8eFv2xZ/channel.mp3?,https://broadcastify.cdnstream1.com/29442,"[-122.33207, 47.60621]"
United States,Seattle WA,Seattle,WA,KHUH FM 104.9 Hollow Earth Radio,983EpgH_,/listen/khuh-fm-104-9/983EpgH_,KHUH,FM,https://radio.garden/api/ara/content/listen/983EpgH_/channel.mp3?,http://centova.rockhost.com:8001/stream,"[-122.33207, 47.60621]"
United States,Seattle WA,Seattle,WA,KING FM 98.1 Classical,oI0GFtnk,/listen/king/oI0GFtnk,KING,FM,https://radio.garden/api/ara/content/listen/oI0GFtnk/channel.mp3?,https://classicalking.streamguys1.com/king-fm-aac-128k,"[-122.33207, 47.60621]"
United States,Seattle WA,Seattle,WA,KIRO Radio FM 97.3,NfUNAkR2,/listen/kiro-radio-fm-97-3/NfUNAkR2,KIRO,FM,https://radio.garden/api/ara/content/listen/NfUNAkR2/channel.mp3?,https://playerservices.streamtheworld.com/api/livestream-redirect/KIROFM.mp3,"[-122.33207, 47.60621]"
United States,Seattle WA,Seattle,WA,KJR 790 AM,Cuvqu_Ok,/listen/kjr-790-am/Cuvqu_Ok,xxxx,,https://radio.garden/api/ara/content/listen/Cuvqu_Ok/channel.mp3?,https://n23b-e2.revma.ihrhls.com/zc2565,"[-122.33207, 47.60621]"
United States,Seattle WA,Seattle,WA,KODX FM 96.9,rrjnbvud,/listen/kodx-fm-96-9/rrjnbvud,KODX,FM,https://radio.garden/api/ara/content/listen/rrjnbvud/channel.mp3?,https://stream.pacificaservice.org:9000/kodx,"[-122.33207, 47.60621]"
United States,Seattle WA,Seattle,WA,KTTH AM 770,cTJZs82F,/listen/ktth-am-770/cTJZs82F,KTTH,AM,https://radio.garden/api/ara/content/listen/cTJZs82F/channel.mp3?,https://16643.live.streamtheworld.com/KTTHAMAAC.aac?pname=StandardPlayerV4&amp;pversion=4.19.2-012&amp;dist=triton-web&amp;tdsdk=js-2.9&amp;banners=300x250%2C728x90&amp;sbmid=cec80cb6-2ed3-42f1-8036-0256f21689b0,"[-122.33207, 47.60621]"
United States,Seattle WA,Seattle,WA,KUOW-FM 94.9,lrJcS5FN,/listen/kuow/lrJcS5FN,KUOW,FM,https://radio.garden/api/ara/content/listen/lrJcS5FN/channel.mp3?,https://15363.live.streamtheworld.com/KUOWFM_HIGH_MP3.mp3,"[-122.33207, 47.60621]"
United States,Seattle WA,Seattle,WA,Racketeer Radio,h1nICTVP,/listen/racketeer-radio/h1nICTVP,xxxx,,https://radio.garden/api/ara/content/listen/h1nICTVP/channel.mp3?,https://ais-edge07-live365-dal02.cdnstream.com/a33242,"[-122.33207, 47.60621]"
United States,Seattle WA,Seattle,WA,Rainy Dawg Radio,bNRZb3JZ,/listen/rainy-dawg-radio/bNRZb3JZ,xxxx,,https://radio.garden/api/ara/content/listen/bNRZb3JZ/channel.mp3?,http://166.62.119.4:8000/stream,"[-122.33207, 47.60621]"
United States,Seattle WA,Seattle,WA,Sacred Heart Radio,2q1EdSoR,/listen/sacred-heart-radio/2q1EdSoR,xxxx,,https://radio.garden/api/ara/content/listen/2q1EdSoR/channel.mp3?,https://ssl-2.stream.miriamtech.net/sacredheartradio/hidden,"[-122.33207, 47.60621]"
United States,Seattle WA,Seattle,WA,Sleepbot Environmental Broadcast,ujpF3u5Z,/listen/sleepbot/ujpF3u5Z,xxxx,,https://radio.garden/api/ara/content/listen/ujpF3u5Z/channel.mp3?,http://sc13.shoutcaststreaming.us:8218/seb,"[-122.33207, 47.60621]"
United States,Port Angeles WA,Port Angeles,WA,KONP FM 101.7,GcYpa3AW,/listen/konp-fm-101-7/GcYpa3AW,KONP,FM,https://radio.garden/api/ara/content/listen/GcYpa3AW/channel.mp3?,https://crystalout.surfernetwork.com:8001/KONP_MP3,"[-123.43074, 48.118145]"
United States,Port Angeles WA,Port Angeles,WA,KZQM FM 104.9,3qlOx1DU,/listen/kzqm-fm-104-9/3qlOx1DU,KZQM,FM,https://radio.garden/api/ara/content/listen/3qlOx1DU/channel.mp3?,https://crystalout.surfernetwork.com:8001/KZQM-FM_MP3,"[-123.43074, 48.118145]"
United States,Kennewick WA,Kennewick,WA,More FM 106.1,AQxCaCGP,/listen/more-fm-106-1/AQxCaCGP,xxxx,,https://radio.garden/api/ara/content/listen/AQxCaCGP/channel.mp3?,https://ice9.securenetsystems.net/KALE,"[-119.11995, 46.208668]"
United States,Kennewick WA,Kennewick,WA,Power 99.1,i_W5AL34,/listen/power-99-1/i_W5AL34,xxxx,,https://radio.garden/api/ara/content/listen/i_W5AL34/channel.mp3?,https://ice5.securenetsystems.net/KUJFM?playSessionID=A4DD4634-155D-C0F3-03E8558282069D4B,"[-119.11995, 46.208668]"
United States,Tacoma WA,Tacoma,WA,KNKX 88.5 News & Jazz,zJnAjT4B,/listen/knkx-88-5-jazz/zJnAjT4B,KNKX,FM,https://radio.garden/api/ara/content/listen/zJnAjT4B/channel.mp3?,https://live.wostreaming.net/direct/ppm-knkxfmaac256-ibc1,"[-122.44429, 47.252876]"
United States,Tacoma WA,Tacoma,WA,KNKX Jazz24,Y2LXezzY,/listen/knkx-fm-88-5/Y2LXezzY,xxxx,,https://radio.garden/api/ara/content/listen/Y2LXezzY/channel.mp3?,https://live.wostreaming.net/direct/ppm-jazz24aac256-ibc1,"[-122.44429, 47.252876]"
United States,Tacoma WA,Tacoma,WA,KTQA-LP 95.3 FM,V_bJCXf9,/listen/ktqa-lp-95-3-fm/V_bJCXf9,KTQA,FM,https://radio.garden/api/ara/content/listen/V_bJCXf9/channel.mp3?,https://stream.ktqa.org/ktqa.mp3,"[-122.44429, 47.252876]"
United States,Tacoma WA,Tacoma,WA,KUPS 90.1 FM The Sound,hbKlSrsA,/listen/kups-90-1-fm-the-sound/hbKlSrsA,KUPS,FM,https://radio.garden/api/ara/content/listen/hbKlSrsA/channel.mp3?,https://streamingv2.shoutcast.com/kupsfm,"[-122.44429, 47.252876]"
United States,Tacoma WA,Tacoma,WA,LTATM Media Network,aK06LhON,/listen/ltatm-lets-talk-about-the-music/aK06LhON,xxxx,,https://radio.garden/api/ara/content/listen/aK06LhON/channel.mp3?,https://ais-edge07-live365-dal02.cdnstream.com/a59611,"[-122.44429, 47.252876]"
United States,Tacoma WA,Tacoma,WA,Musix Dose,SA0rGr2i,/listen/musix-dose/SA0rGr2i,xxxx,,https://radio.garden/api/ara/content/listen/SA0rGr2i/channel.mp3?,https://usa15.fastcast4u.com/proxy/musixdos?mp=/1,"[-122.44429, 47.252876]"
United States,Tacoma WA,Tacoma,WA,NWCZ Radio CH1,ezblF1TC,/listen/nwczradio/ezblF1TC,xxxx,,https://radio.garden/api/ara/content/listen/ezblF1TC/channel.mp3?,https://radio.nwczradio.com/radio/8000/radio.mp3,"[-122.44429, 47.252876]"
United States,Tacoma WA,Tacoma,WA,NWCZ Radio CH2,0g7zCHcn,/listen/nwcz-radio-ch2/0g7zCHcn,xxxx,,https://radio.garden/api/ara/content/listen/0g7zCHcn/channel.mp3?,https://radio.nwczradio.com/radio/8010/radio.mp3,"[-122.44429, 47.252876]"
United States,Tacoma WA,Tacoma,WA,Radio Tacoma 101.9 KTAH-LP,sTd6izuN,/listen/radio-tacoma-101-9-ktah-lp/sTd6izuN,KTAH,FM,https://radio.garden/api/ara/content/listen/sTd6izuN/channel.mp3?,https://stream.radiotacoma.org/ktah.mp3,"[-122.44429, 47.252876]"
United States,Aberdeen WA,Aberdeen,WA,KBKW AM 1450 NewsTalk,onXtNCpx,/listen/kbkw-am-1450-newstalk/onXtNCpx,KBKW,AM,https://radio.garden/api/ara/content/listen/onXtNCpx/channel.mp3?,http://173.193.205.96:7000/stream,"[-123.81572, 46.975372]"
United States,Pullman WA,Pullman,WA,KQQQ AM 1150,R6yB5cvl,/listen/kqqq-am-1150/R6yB5cvl,KQQQ,AM,https://radio.garden/api/ara/content/listen/R6yB5cvl/channel.mp3?,http://107.182.234.197:7801/stream,"[-117.18174, 46.72978]"
United States,Pullman WA,Pullman,WA,NWPB - Classical,J3fLGbLG,/listen/nwpb-news-and-classical-music/J3fLGbLG,xxxx,,https://radio.garden/api/ara/content/listen/J3fLGbLG/channel.mp3?,https://streams.nwpr.org:8443/NWPRCLASSICAL,"[-117.18174, 46.72978]"
United States,Pullman WA,Pullman,WA,NWPB - KJEM Jazz,R6n97_IW,/listen/nwpb-kjem-jazz/R6n97_IW,xxxx,,https://radio.garden/api/ara/content/listen/R6n97_IW/channel.mp3?,https://streams.nwpr.org:8443/NWPRKJEM,"[-117.18174, 46.72978]"
United States,Pullman WA,Pullman,WA,NWPB - NPR News KLWS 91.5,rOQcO7BX,/listen/nwpb-npr-news/rOQcO7BX,xxxx,,https://radio.garden/api/ara/content/listen/rOQcO7BX/channel.mp3?,http://streams.nwpr.org:8000/NWPRNEWS,"[-117.18174, 46.72978]"
United States,Westport WA,Westport,WA,KGHI 91.1 FM,B7O8LhlA,/listen/kghi-91-1-fm/B7O8LhlA,KGHI,FM,https://radio.garden/api/ara/content/listen/B7O8LhlA/channel.mp3?,http://173.193.205.96:7341/stream,"[-124.104065, 46.89009]"
United States,Westport WA,Westport,WA,Pacific Coast FM,8FhgoZaI,/listen/pacific-coast-fm/8FhgoZaI,xxxx,,https://radio.garden/api/ara/content/listen/8FhgoZaI/channel.mp3?,https://listen.radioking.com/radio/379018/stream/429943,"[-124.104065, 46.89009]"